Patient number,Cholesterol,Glucose,HDL Chol,Age,Gender,Height,Weight,BMI,Systolic BP,Diastolic BP,waist,hip,waist_hip_ratio,hdl_chol_ratio
391,185,255,112,77,0,59,189,38.2,146,91,40,47,0.85106383,0.605405405
392,322,87,99,37,0,63,125,22.1,222,85,32,43,0.744186047,0.307453416
393,301,166,101,49,1,57,131,28.3,166,87,37,36,1.027777778,0.335548173
394,199,87,72,63,1,65,220,36.6,189,82,48,49,0.979591837,0.361809045
